timestamp,title,link
5 Hours Ago,Harris says Trump ‘disrespected sacred’ Arlington for ‘political stunt’,https://www.cnbc.com/2024/08/31/harris-trump-arlington-cemetery-election-stunt.html
5 Hours Ago,"If your relationship is in a rut, start with an honest conversation: What to say",https://www.cnbc.com/2024/08/31/esther-perel-what-to-do-when-your-relationship-is-in-a-rut.html
8 Hours Ago,23-year-old has been living on and off cruise ships for years,https://www.cnbc.com/2024/08/31/23-year-old-has-lived-and-worked-on-a-cruise-ship.html
9 Hours Ago,"If you agree with these 3 statements, you might be a cynic: How you can change",https://www.cnbc.com/2024/08/31/if-you-agree-with-these-3-statements-you-might-be-a-cynic.html
10 Hours Ago,"Psychologist: Don't make this mistake if you want to raise resilient, creative kids",https://www.cnbc.com/2024/08/31/wharton-psychologist-adam-grant-how-to-raise-resilient-creative-kids.html
10 Hours Ago,A look at the behind-the-scenes business of Hollywood studio lot tours,https://www.cnbc.com/2024/08/31/behind-the-scenes-hollywood-studio-lot-tours-universal-warner-bros-sony-paramount.html
10 Hours Ago,Former investment banker's coffee company brought in more than $3M last year,https://www.cnbc.com/2024/08/31/how-former-investment-banker-built-ethical-coffee-company-kahawa.html
10 Hours Ago,"From cars to clothes and even caskets, when it makes sense to buy vs. rent",https://www.cnbc.com/2024/08/31/heres-when-it-makes-sense-to-buy-vs-rent.html
10 Hours Ago,Warren Buffett's Berkshire Hathaway sells more Bank of America,https://www.cnbc.com/2024/08/31/warren-buffetts-berkshire-hathaway-sells-more-bank-of-america-has-now-cut-stake-by-nearly-15percent-.html
10 Hours Ago,"These five stocks are best positioned for growth, Goldman Sachs says",https://www.cnbc.com/2024/08/31/buy-these-five-undervalued-stocks-goldman-sachs-says.html
10 Hours Ago,"The top 10 cities Americans earning $150,000 and up moved to in 2023",https://www.cnbc.com/2024/08/31/high-earners-are-flocking-to-these-metros.html
10 Hours Ago,Netflix hit a record above $700 this month. Where analysts see the stock headed,https://www.cnbc.com/2024/08/31/netflix-hit-a-record-above-700-in-august-where-analysts-see-the-stock-headed.html
11 Hours Ago,September is a historically rough month for Apple shares. What could happen next,https://www.cnbc.com/2024/08/31/september-is-a-historically-rough-month-for-apple-shares.html
11 Hours Ago,Take a look inside my oceanfront dream home in Puerto Rico: 'Slice of paradise',https://www.cnbc.com/2024/08/31/i-bought-a-slice-of-paradise-oceanfront-condo-in-puerto-rico.html
11 Hours Ago,"Cannabis industry targets luxury consumers on Fifth Avenue, in the Hamptons",https://www.cnbc.com/2024/08/31/cannabis-weed-marijuana-industry-targets-luxury-consumers.html
12 Hours Ago,"If you make 8 mindset changes, you'll be more confident than most",https://www.cnbc.com/2024/08/31/mindset-changes-to-make-you-more-confident-and-mentally-strong.html
23 Hours Ago,Amazon checkout process hits technical snag during Labor Day sale,https://www.cnbc.com/2024/08/30/amazon-checkout-process-hits-technical-snag-during-labor-day-sale.html
"August 30, 2024",Brazil's top court orders nationwide suspension of Elon Musk's X,https://www.cnbc.com/2024/08/30/brazil-orders-suspension-of-elon-musks-x.html
"August 30, 2024",These stocks could have a good September after forming a 'golden cross',https://www.cnbc.com/2024/08/30/these-stocks-could-rally-in-september-after-forming-a-golden-cross.html
"August 30, 2024",FDA authorizes Novavax Covid vaccine targeting JN.1,https://www.cnbc.com/2024/08/30/fda-authorizes-novavax-protein-covid-vaccine.html
"August 30, 2024",Trump's plan to slash government could hurt Republicans in a key House race,https://www.cnbc.com/2024/08/30/trump-government-cuts-could-cost-house-republicans-majority-.html
"August 30, 2024","Medicare prescription participants may save $1,000 a year with out-of-pocket cap",https://www.cnbc.com/2024/08/30/medicare-part-d-users-may-save-1000-a-year-with-out-of-pocket-caps.html
"August 30, 2024",Wall Street is bracing for a tough month ahead with the Fed meeting in focus,https://www.cnbc.com/2024/08/30/wall-street-is-bracing-for-a-tough-month-ahead-with-the-september-fed-meeting-in-focus.html
"August 30, 2024","Fewer people are purchasing homes, despite high demand",https://www.cnbc.com/2024/08/30/fewer-people-are-purchasing-homes-despite-high-demand.html
"August 30, 2024",Best Buy is the stock of the summer — plus 2 more encouraging economic updates,https://www.cnbc.com/2024/08/30/best-buy-is-the-stock-of-the-summer-plus-2-more-encouraging-reports.html
"August 30, 2024",Vance grilled on high cost of Trump's new IVF plan,https://www.cnbc.com/2024/08/30/trump-ivf-plan-vance-harris-election.html
"August 30, 2024",Writing options on these stocks could create income for your portfolio,https://www.cnbc.com/2024/08/30/writing-options-on-these-stocks-could-create-income-for-your-portfolio.html
"August 30, 2024",Nvidia isn't the only way to invest in AI—how to choose an AI ETF,https://www.cnbc.com/2024/08/30/how-to-choose-an-ai-etf.html
"August 30, 2024","Stocks making the biggest moves midday: Intel, Elastic NV, MongoDB and more",https://www.cnbc.com/2024/08/30/stocks-making-the-biggest-moves-midday-intc-estc-mdb-and-more.html
"August 30, 2024","Lockheed Martin, Northrop Grumman among the most overbought stocks",https://www.cnbc.com/2024/08/30/lockheed-martin-northrop-grumman-are-among-the-most-overbought-stocks.html
